seed,mlx_rmse,cpu_rmse,ratio,drift_pct,wall_secs
44,0.180109,0.16955519387043677,1.0622440745615127,6.224407456151278,0.9507231251336634
