seed,mlx_rmse,cpu_rmse,ratio,drift_pct,wall_secs
43,0.180695,0.16959734963411785,1.0654352818002388,6.54352818002389,0.9517452500294894
