seed,mlx_rmse,cpu_rmse,ratio,drift_pct,wall_secs
42,0.180176,0.16962772553711794,1.0621848487886132,6.218484878861321,0.9610895421355963
