{
  "seed": 44,
  "cpu_iter1_rmse": 0.5759650209236392,
  "n_preds": 50000,
  "pred_mean": 0.004228171892464161,
  "pred_std": 0.016412125900387764,
  "pred_min": -0.03254232183098793,
  "pred_max": 0.03965115547180176,
  "predictions_first10": [
    0.0305551178753376,
    0.006700621452182531,
    0.006700621452182531,
    0.0305551178753376,
    0.012482515536248684,
    0.006700621452182531,
    0.012482515536248684,
    0.03965115547180176,
    0.014742369763553143,
    0.03965115547180176
  ]
}