{
  "seed": 42,
  "cpu_iter1_rmse": 0.5787483020224754,
  "n_preds": 50000,
  "pred_mean": -0.00026369711849838495,
  "pred_std": 0.01647939346730709,
  "pred_min": -0.03665181249380112,
  "pred_max": 0.03584893047809601,
  "predictions_first10": [
    -0.007603358011692762,
    -0.011498990468680859,
    0.010272746905684471,
    -0.027049271389842033,
    0.0021583230700343847,
    0.006325872149318457,
    -0.0033596153371036053,
    -0.007603358011692762,
    -0.011498990468680859,
    0.026579126715660095
  ]
}