{
  "seed": 43,
  "cpu_iter1_rmse": 0.577007662194973,
  "n_preds": 50000,
  "pred_mean": -0.0015531451208516955,
  "pred_std": 0.016432475298643112,
  "pred_min": -0.0364442840218544,
  "pred_max": 0.03461819887161255,
  "predictions_first10": [
    0.009754284285008907,
    0.017219431698322296,
    -0.011329183354973793,
    0.008024627342820168,
    0.017219431698322296,
    -0.020704813301563263,
    -0.020704813301563263,
    0.0017527276650071144,
    -0.020704813301563263,
    -0.011329183354973793
  ]
}